Cloud,Hot/Cold Pack,WHF-CD17,$1.75
Plush Eye Mask,ComfortClay® Plush Eye Mask,WHF-CE17,$3.37
Cat Eyes,Large Rectangle Aqua Pearls™ Hot/Cold Pack,WHF-CE24,$2.73
Apple Art,Aqua Pearls™ Hot/Cold Pack,WHF-AA17,$1.75
Apple,Aqua Pearls™ Hot/Cold Pack,WHF-AG14,$1.75
Ahh!,Square Aqua Pearls™ Hot/Cold Pack,WHF-AH24,$2.23
Spa Mask,Aqua Pearls™ Hot/Cold Pack,WHF-AM18,$1.77
All Purpose,Aqua Pearls™ Hot/Cold Wrap,WHF-AP14,$6.50
Chick,Aqua Pearls™ Hot/Cold Pack,WHF-CH16,$1.75
Chill,Square Aqua Pearls™ Hot/Cold Pack,WHF-CH24,$2.23
Plush,ComfortClay® Large Pack,WHF-CL17,$3.12
Brain,Aqua Pearls™ Hot/Cold Pack,WHF-BN16,$1.75
Bouquet,Round Aqua Pearls™ Hot/Cold Pack,WHF-BQ24,$2.23
Car,Aqua Pearls™ Hot/Cold Pack,WHF-CA15,$1.75
Airplane,Aqua Pearls™ Hot/Cold Pack,WHF-AP17,$1.75
Baseball,Aqua Pearls™ Hot/Cold Pack,WHF-BA15,$1.75
Banana Art,Aqua Pearls™ Hot/Cold Pack,WHF-BA17,$1.75
Buffalo,Aqua Pearls™ Hot/Cold Pack,WHF-BF17,$1.75
Basketball,Aqua Pearls™ Hot/Cold Pack,WHF-BK16,$1.75
Corn Art,Aqua Pearls™ Hot/Cold Pack,WHF-CN17,$1.75
Capsule,Aqua Pearls™ Hot/Cold Pack,WHF-CP17,$1.75
Plush Round,ComfortClay® Plush Round Pack,WHF-CR17,$2.25
Cool Sun,Aqua Pearls™ Hot/Cold Pack,WHF-CS15,$1.75
Eyeball,Aqua Pearls™ Hot/Cold Pack,WHF-EB17,$1.75
Cloud,Hot/Cold Pack,WHF-CD17,$1.75
Plush Eye Mask,ComfortClay® Plush Eye Mask,WHF-CE17,$3.37
Cat Eyes,Large Rectangle Aqua Pearls™ Hot/Cold Pack,WHF-CE24,$2.73
Apple Art,Aqua Pearls™ Hot/Cold Pack,WHF-AA17,$1.75
Apple,Aqua Pearls™ Hot/Cold Pack,WHF-AG14,$1.75
Ahh!,Square Aqua Pearls™ Hot/Cold Pack,WHF-AH24,$2.23
Spa Mask,Aqua Pearls™ Hot/Cold Pack,WHF-AM18,$1.77
All Purpose,Aqua Pearls™ Hot/Cold Wrap,WHF-AP14,$6.50
Chick,Aqua Pearls™ Hot/Cold Pack,WHF-CH16,$1.75
Chill,Square Aqua Pearls™ Hot/Cold Pack,WHF-CH24,$2.23
Plush,ComfortClay® Large Pack,WHF-CL17,$3.12
Brain,Aqua Pearls™ Hot/Cold Pack,WHF-BN16,$1.75
Bouquet,Round Aqua Pearls™ Hot/Cold Pack,WHF-BQ24,$2.23
Car,Aqua Pearls™ Hot/Cold Pack,WHF-CA15,$1.75
Airplane,Aqua Pearls™ Hot/Cold Pack,WHF-AP17,$1.75
Baseball,Aqua Pearls™ Hot/Cold Pack,WHF-BA15,$1.75
Banana Art,Aqua Pearls™ Hot/Cold Pack,WHF-BA17,$1.75
Buffalo,Aqua Pearls™ Hot/Cold Pack,WHF-BF17,$1.75
Basketball,Aqua Pearls™ Hot/Cold Pack,WHF-BK16,$1.75
Corn Art,Aqua Pearls™ Hot/Cold Pack,WHF-CN17,$1.75
Capsule,Aqua Pearls™ Hot/Cold Pack,WHF-CP17,$1.75
Plush Round,ComfortClay® Plush Round Pack,WHF-CR17,$2.25
Cool Sun,Aqua Pearls™ Hot/Cold Pack,WHF-CS15,$1.75
Eyeball,Aqua Pearls™ Hot/Cold Pack,WHF-EB17,$1.75
Elephant,Aqua Pearls™ Hot/Cold Pack,WHF-EF17,$1.75
Eye Mask,Aqua Pearls™ Hot/Cold Pack,WHF-EM13,$2.25
Full-Color,Aqua Pearls™ Hot/Cold Pack,WHF-HC24,$2.73
Heart,Aqua Pearls™ Hot/Cold Pack,WHF-HG13,$1.75
Large Heart,Aqua Pearls™ Hot/Cold Pack,WHF-HG16,$1.75
Hard Hat,Aqua Pearls™ Hot/Cold Pack,WHF-HH17,$1.75
Head & Sinus Thermal Wrap,Aqua Pearls™ Thermal Wrap,WHF-HS12,$3.80
Golfer,Square Aqua Pearls™ Hot/Cold Pack,WHF-GF24,$2.25
Large Rectangle,Aqua Pearls™ Hot/Cold Pack,WHF-HC11,$2.25
Mini Rectangle,Aqua Pearls™ Hot/Cold Pack,WHF-MA15,$1.77
Milk Cow,Aqua Pearls™ Hot/Cold Pack,WHF-MC15,$1.75
Monster,Aqua Pearls™ Hot/Cold Pack,WHF-MO17,$1.75
Plush Mini Rectangle,Aqua Pearls™ Hot/Cold Pack,WHF-MP16,$2.47
ComfortClay®,All-Purpose Wrap,WHF-CW18,$6.40
Duck,Aqua Pearls™ Hot/Cold Pack,WHF-DG13,$1.75
Earth,Aqua Pearls™ Hot/Cold Pack,WHF-EA17,$1.75
House,Aqua Pearls™ Hot/Cold Pack,WHF-HS15,$1.75
Lemon Art,Aqua Pearls™ Hot/Cold Pack,WHF-LA17,$1.75
Laid Back,Large Rectangle Aqua Pearls™ Hot/Cold Pack,WHF-LB24,$2.75
Football,Aqua Pearls™ Hot/Cold Pack,WHF-FB15,$1.75
Feel Better,Square Aqua Pearls™ Hot/Cold Pack,WHF-FB24,$2.23
Firefighter,Aqua Pearls™ Hot/Cold Pack,WHF-FF17,$1.75
Fish,Aqua Pearls™ Hot/Cold Pack,WHF-FG12,$1.75
Football,Large Rectangle Aqua Pearls™ Hot/Cold Pack,WHF-FL24,$2.73
Fire Truck,Aqua Pearls™ Hot/Cold Pack,WHF-FT17,$1.75
Mini Round,Aqua Pearls™ Hot/Cold Pack,WHF-MR19,$1.59
Napping Dog,Square Aqua Pearls™ Hot/Cold Pack,WHF-ND24,$2.25
Heart,Nylon-Covered Hot/Cold Pack,WHF-NH22,$1.92
Rectangle,Nylon-Covered Hot/Cold Pack,WHF-NL22,$1.41
Round,Nylon-Covered Hot/Cold Pack,WHF-NR22,$1.12
Round,Aqua Pearls™ Hot/Cold Pack,WHF-RA14,$1.75
Full-Color Round,Aqua Pearls™ Hot/Cold Pack,WHF-RA24,$2.23
Ribbon,Aqua Pearls™ Hot/Cold Pack,WHF-RB16,$1.75
Round,Re-stickable Cold Pack,WHF-RD21,$1.60
Round Penguin,Aqua Pearls™ Hot/Cold Pack,WHF-RP17,$1.75
Police Officer,Aqua Pearls™ Hot/Cold Pack,WHF-PO17,$1.75
Plush Rectangle,Aqua Pearls™ Hot/Cold Pack,WHF-PP15,$3.37
Plush Panda,Aqua Pearls™ Hot/Cold Pack,WHF-PP24,$2.47
Plush Round,Aqua Pearls™ Hot/Cold Pack,WHF-PR15,$2.47
Plush Sloth,Aqua Pearls™ Hot/Cold Pack,WHF-PS24,$2.47
Plush Heart,Aqua Pearls™ Hot/Cold Pack,WHF-PH15,$2.50
Plush Hippo,Aqua Pearls™ Hot/Cold Pack,WHF-PH24,$2.47
Puppy Love,Square Aqua Pearls™ Hot/Cold Pack,WHF-PL24,$2.25
Plush Eye Mask,Aqua Pearls™ Hot/Cold Pack,WHF-PE15,$3.45
Plush Penguin,Aqua Pearls™ Hot/Cold Pack,WHF-PE24,$2.47
Pink Flamingo Tube,Square Aqua Pearls™ Hot/Cold Pack,WHF-PF24,$2.25
Penguin,Aqua Pearls™ Hot/Cold Pack,WHF-PG14,$1.75
Pig,Aqua Pearls™ Hot/Cold Pack,WHF-PG15,$1.75
Square,Nylon-Covered Hot/Cold Pack,WHF-NS22,$1.92
Orange,Aqua Pearls™ Hot/Cold Pack,WHF-OR15,$1.75
Ouch!,Square Aqua Pearls™ Hot/Cold Pack,WHF-OU24,$2.25
Puppy Paw,Aqua Pearls™ Hot/Cold Pack,WHF-PW20,$1.75
Strawberry Art,Aqua Pearls™ Hot/Cold Pack,WHF-SA17,$1.75
School Bus,Aqua Pearls™ Hot/Cold Pack,WHF-SB17,$1.75
Soccer Ball,Aqua Pearls™ Hot/Cold Pack,WHF-SC16,$1.75
Spa Day,Large Rectangle Aqua Pearls™ Hot/Cold Pack,WHF-SD24,$2.75
Starfish,Aqua Pearls™ Hot/Cold Pack,WHF-SF12,$1.75
Plush All-Purpose,Aqua Pearls™ Hot/Cold Pack,WHF-PA15,$7.05
Polar Bear,Aqua Pearls™ Hot/Cold Pack,WHF-PB16,$1.75
Plush Bear,Aqua Pearls™ Hot/Cold Pack,WHF-PB24,$2.47
Surf’n Dog,Round Aqua Pearls™ Hot/Cold Pack,WHF-SF24,$2.25
Sheep,Aqua Pearls™ Hot/Cold Pack,WHF-SH17,$1.75
Sea Marvels,Large Rectangle Aqua Pearls™ Hot/Cold Pack,WHF-SM24,$2.75
Super Hero,Aqua Pearls™ Hot/Cold Pack,WHF-SP17,$1.75
Square,Aqua Pearls™ Hot/Cold Pack,WHF-SQ15,$1.75
Full-Color Square,Aqua Pearls™ Hot/Cold Pack,WHF-SQ24,$2.25
Super Heroine,Aqua Pearls™ Hot/Cold Pack,WHF-SR17,$1.75
Wrist Rest Pack,Aqua Pearls™ Hot/Cold Wrist Pack,WHF-WR14,$1.92
Tropical Fish,Aqua Pearls™ Hot/Cold Pack,WHF-TF17,$1.75
Thumbs Up,Aqua Pearls™ Hot/Cold Pack,WHF-TH17,$1.75
Tooth,Aqua Pearls™ Hot/Cold Pack,WHF-TP13,$1.75
Serenity,Square Aqua Pearls™ Hot/Cold Pack,WHF-SR24,$2.25
Smiling Sloth,Square Aqua Pearls™ Hot/Cold Pack,WHF-SS24,$2.25
Star,Aqua Pearls™ Hot/Cold Pack,WHF-ST15,$1.75
Teddy Bear,Aqua Pearls™ Hot/Cold Pack,WHF-TB17,$1.75
Tropical Breeze,Large Rectangle Aqua Pearls™ Hot/Cold Pack,WHF-TB24,$2.75
Team Sports,Large Rectangle Aqua Pearls™ Hot/Cold Pack,WHF-TS24,$2.75
Turtle,Aqua Pearls™ Hot/Cold Pack,WHF-TU17,$1.75
Treat Yourself,Large Rectangle Aqua Pearls™ Hot/Cold Pack,WHF-TY24,$2.75
Ultra Soft,Aqua Pearls™ Hot/Cold Pack,WHF-US14,$2.94
Heart,Hand Warmer,WTV-MH16,$1.77
Round,Hand Warmer,WTV-MR16,$1.77
Lucent,Acrylic Light-Up 15W Wireless Charger,EAC-LU24,$19.25
Marquis,10000mAh 20W PD Power Bank with Built-In Cables,EPB-MQ24,$17.75
Push Pop,Spinning Top,WGA-PT24,$1.95
Theta,Spinning Top,WGA-TH24,$1.95
Elan,Hardcover FSC® Journal with Pen Loop and Inner Pocket,WOF-EL24,$4.35
Elite,Softcover FSC® Leatherette Journal,WOF-ET24,$3.95
TravelMate,Manicure Kit,WPC-TM24,$3.85
Stirling,18 oz Glass Tumbler with Silicone Sleeve & PP Straw,DTM-ST24,$6.95
Journeyman,Pad Portfolio with Ruler & Pencil,WOF-JY24,$5.25
Kraft,Recycled Journal,WOF-KR24,$2.55
Prairie,Fragrant Grass Recycled Spiral Notebook with Pen,WOF-PR24,$2.95
Heat 'N Eat,Microwaveable Stainless Steel Lunch Box with Vented Glass Lid,WKA-HE24,$10.50
Pop Top,Bamboo Bottle Opener,WKA-PT24,$2.55
Rally,Pickleball Set,WSF-RL24,$12.50
Serenity,Foldable Yoga Mat,WSF-SR24,$21.25
Silicone,Luggage Tag,WTV-SI24,$1.55
Sonoro,Dual Microphone Noise Cancelling TWS Earbuds,EHE-SN24,$22.95
Best Buddy Tools® Spritz,Handheld Rechargeable Misting Fan,WTV-SP24,$7.95
Best Buddy Tools® Coral,IPX8 Waterproof TPU Phone Pouch,WBA-CO24,$2.85
Best Buddy Tools® Seahorse,IPX8 Waterproof Floating TPU Phone Pouch,WBA-SH24,$4.55
AeroLOFT™ Belt Bag,Anywhere Belt Bag,ALB-AB22,$7.70
AeroLOFT™ Backpack,Crossbody Sling Backpack,ALB-CS24,$14.95
AeroLOFT™ Organizer,Business First Tech Organizer,ALB-BT24,$9.35
AeroLOFT™ Bag,Laptop and Tablet Organizer Bag,ALB-LT21,$19.95
AeroLOFT™ Organizer,4-Pocket Zip Organizer,ALB-PO22,$5.05
AeroLOFT™ Wallet,Stash Key Wallet,ALB-SK22,$2.55
AeroLOFT™ Large Belt Bag,AeroLOFT™ Anywhere Belt Bag - Large,ALB-AL23,$9.35
AeroLOFT™ Backpack,Business First Backpack,ALB-BB20,$28.43
AeroLOFT™ Backpack,Business First Backpack,ALB-BB23,$23.95
AeroLOFT™ Neck Wallet,Jet Black Safety Organizer Neck Wallet,ALB-SO22,$5.75
AeroLOFT™ Toiletry Kit,Jet Black Toiletry Kit,ALB-TK22,$15.95
AeroLOFT™ Mesh Pouch,Jet Black Tech Organizer Mesh Pouch,ALB-TO22,$5.05
AeroLOFT™ Black Duffel,Jet Black Weekender Duffel,ALB-WD22,$26.20
AeroLOFT™ Blanket,Business First Travel Blanket with Sleep Mask,ALK-BL20,$15.95
AeroLOFT™ Pillow,Business First Travel Pillow with Sleep Mask,ALP-BP20,$19.95
BeWell™ Blanket,Super Soft Cuddle Blanket,BEK-SS21,$19.75
Everywhere Pillow,Comfort Logic™ Everywhere Pillow,CLG-EP24,$17.95
Heavenly Back Pillow,Comfort Logic™ Heavenly Support Back Pillow,CLG-HB24,$23.95
Heavenly Seat Cushion,Comfort Logic™ Heavenly Seat Cushion,CLG-HS24,$20.95
Lumbar Roll,Comfort Logic™ Lumbar Support Roll Pillow,CLG-LR24,$16.25
Lumbar Wedge,Comfort Logic™ Lumbar Support Wedge Pillow,CLG-LW24,$17.50
BeWell™ Sleep Mask,Serenity Full-Coverage Satin Sleep Mask,BEM-SY23,$4.40
BeWell™ Socks,Cozy Comfort Socks,BES-CC22,$4.00
Anywhere Seat Pad,Comfort Logic™ Anywhere Seat Pad,CLG-AS24,$17.95
